ID, trksegID, lat, lon, ele, date
1,1,14.565729349851608,-91.144476709887385,1218.6099999999999,2018-08-04T17:38:46Z
2,1,14.565851138904691,-91.144495317712426,1219.089999999999918,2018-08-04T17:39:10Z
3,1,14.565802020952106,-91.14435232244432,1219.089999999999918,2018-08-04T17:39:37Z
4,1,14.565713508054614,-91.144228102639318,1219.569999999999936,2018-08-04T17:40:02Z
5,1,14.565529441460967,-91.144220642745495,1221.009999999999991,2018-08-04T17:40:26Z
6,1,14.565387200564146,-91.144170016050339,1220.049999999999955,2018-08-04T17:40:44Z
7,1,14.56534487195313,-91.144106313586235,1217.170000000000073,2018-08-04T17:40:55Z
8,1,14.56528720445931,-91.143974801525474,1217.170000000000073,2018-08-04T17:41:10Z
9,1,14.565230878069997,-91.143833063542843,1215.720000000000027,2018-08-04T17:41:28Z
10,1,14.565186705440283,-91.143770786002278,1218.6099999999999,2018-08-04T17:41:41Z
11,1,14.565133983269334,-91.143682356923819,1218.130000000000109,2018-08-04T17:41:59Z
12,1,14.564957292750478,-91.143775060772896,1216.690000000000055,2018-08-04T17:42:17Z
13,1,14.564898367971182,-91.143823675811291,1215.240000000000009,2018-08-04T17:42:28Z
14,1,14.564845729619265,-91.143889389932156,1214.759999999999991,2018-08-04T17:42:42Z
15,1,14.564854865893722,-91.143930461257696,1214.759999999999991,2018-08-04T17:43:01Z
16,1,14.564888896420598,-91.143842367455363,1214.279999999999973,2018-08-04T17:43:21Z
17,1,14.564862912520766,-91.143844965845346,1214.279999999999973,2018-08-04T17:43:44Z
18,1,14.564823852851987,-91.143890982493758,1214.279999999999973,2018-08-04T17:44:05Z
19,1,14.564794097095728,-91.143830632790923,1214.279999999999973,2018-08-04T17:44:24Z
20,1,14.564803820103407,-91.14378159865737,1214.279999999999973,2018-08-04T17:44:43Z
21,1,14.564780602231622,-91.143748657777905,1214.279999999999973,2018-08-04T17:44:58Z
22,1,14.564722180366516,-91.14363357424736,1212.839999999999918,2018-08-04T17:45:17Z
23,1,14.564665351063013,-91.143509019166231,1211.400000000000091,2018-08-04T17:45:32Z
24,1,14.564652778208256,-91.143462918698788,1210.920000000000073,2018-08-04T17:45:35Z
25,1,14.564624950289726,-91.143394187092781,1211.400000000000091,2018-08-04T17:45:51Z
26,1,14.564609527587891,-91.143359234556556,1211.400000000000091,2018-08-04T17:46:08Z
27,1,14.564620004966855,-91.143349260091782,1211.400000000000091,2018-08-04T17:46:25Z
28,1,14.564617741852999,-91.143415058031678,1211.880000000000109,2018-08-04T17:46:48Z
29,1,14.564621681347489,-91.143423859030008,1211.400000000000091,2018-08-04T17:47:07Z
30,1,14.564589494839311,-91.143529051914811,1211.400000000000091,2018-08-04T17:47:33Z
31,1,14.564549010246992,-91.143506336957216,1212.3599999999999,2018-08-04T17:47:53Z
32,1,14.56446292810142,-91.143612870946527,1211.880000000000109,2018-08-04T17:48:08Z
33,1,14.564437950029969,-91.143654780462384,1212.3599999999999,2018-08-04T17:48:27Z
34,1,14.564406182616949,-91.143633825704455,1215.240000000000009,2018-08-04T17:48:35Z
35,1,14.564355220645666,-91.14360666833818,1217.650000000000091,2018-08-04T17:48:49Z
36,1,14.56432219594717,-91.143597699701786,1221.009999999999991,2018-08-04T17:49:09Z
37,1,14.564293026924133,-91.143434923142195,1222.930000000000064,2018-08-04T17:49:26Z
38,1,14.564301911741495,-91.143272146582603,1224.8599999999999,2018-08-04T17:49:43Z
39,1,14.564300738275051,-91.143260411918163,1225.339999999999918,2018-08-04T17:49:46Z
40,1,14.564313981682062,-91.1432412173599,1224.8599999999999,2018-08-04T17:50:01Z
41,1,14.56431339494884,-91.143147172406316,1223.420000000000073,2018-08-04T17:50:15Z
42,1,14.564287327229977,-91.143095539882779,1222.930000000000064,2018-08-04T17:50:28Z
43,1,14.564260756596923,-91.143056144937873,1222.450000000000045,2018-08-04T17:50:52Z
44,1,14.564182301983237,-91.143283881247044,1222.450000000000045,2018-08-04T17:51:16Z
45,1,14.56411600112915,-91.143500553444028,1222.930000000000064,2018-08-04T17:51:47Z
46,1,14.564153635874391,-91.143339704722166,1221.970000000000027,2018-08-04T17:52:13Z
47,1,14.564146846532822,-91.143266698345542,1222.450000000000045,2018-08-04T17:52:34Z
48,1,14.564135866239667,-91.143221687525511,1221.970000000000027,2018-08-04T17:53:03Z
49,1,14.564160089939833,-91.143164271488786,1222.450000000000045,2018-08-04T17:53:31Z
50,1,14.564176769927144,-91.143327383324504,1221.970000000000027,2018-08-04T17:53:50Z
51,1,14.564174087718129,-91.143393013626337,1222.450000000000045,2018-08-04T17:54:25Z
52,1,14.564189929515123,-91.143014403060079,1222.450000000000045,2018-08-04T17:54:39Z
53,1,14.56400410272181,-91.143142227083445,1222.450000000000045,2018-08-04T17:55:03Z
54,1,14.564069481566548,-91.14309361204505,1222.930000000000064,2018-08-04T17:55:31Z
55,1,14.564101751893759,-91.143091935664415,1221.490000000000009,2018-08-04T17:55:54Z
56,1,14.564194707199931,-91.143085230141878,1219.569999999999936,2018-08-04T17:56:18Z
57,1,14.564256733283401,-91.143000153824687,1217.650000000000091,2018-08-04T17:56:40Z
58,1,14.564259080216289,-91.142957909032702,1216.690000000000055,2018-08-04T17:56:59Z
59,1,14.564281040802598,-91.142911305651069,1214.279999999999973,2018-08-04T17:57:16Z
60,1,14.564281376078725,-91.142873419448733,1212.839999999999918,2018-08-04T17:57:32Z
61,1,14.564311299473047,-91.142812063917518,1212.839999999999918,2018-08-04T17:57:53Z
62,1,14.564388664439321,-91.142756240442395,1213.319999999999936,2018-08-04T17:58:08Z
63,1,14.564399728551507,-91.142733776941895,1216.690000000000055,2018-08-04T17:58:19Z
64,1,14.564407356083393,-91.142620956525207,1218.6099999999999,2018-08-04T17:58:37Z
65,1,14.564415402710438,-91.142519116401672,1219.089999999999918,2018-08-04T17:59:00Z
66,1,14.564439626410604,-91.142533784732223,1219.569999999999936,2018-08-04T17:59:19Z
67,1,14.564473489299417,-91.142523642629385,1219.089999999999918,2018-08-04T17:59:42Z
68,1,14.564528558403254,-91.142460191622376,1219.089999999999918,2018-08-04T18:00:07Z
69,1,14.564494863152504,-91.142504950985312,1219.089999999999918,2018-08-04T18:00:32Z
70,1,14.564486565068364,-91.142531186342239,1219.569999999999936,2018-08-04T18:00:47Z
71,1,14.564482541754842,-91.142506711184978,1219.569999999999936,2018-08-04T18:01:05Z
72,1,14.564488241448998,-91.142496736720204,1219.569999999999936,2018-08-04T18:01:30Z
73,1,14.564520511776209,-91.142465975135565,1220.049999999999955,2018-08-04T18:02:01Z
74,1,14.56452202051878,-91.142511069774628,1221.009999999999991,2018-08-04T18:02:21Z
75,1,14.564427975565195,-91.142436973750591,1222.930000000000064,2018-08-04T18:02:41Z
76,1,14.564400650560856,-91.142415935173631,1221.970000000000027,2018-08-04T18:02:58Z
77,1,14.564399980008602,-91.142395650967956,1222.450000000000045,2018-08-04T18:03:16Z
78,1,14.564433842897415,-91.142350221052766,1222.930000000000064,2018-08-04T18:03:44Z
79,1,14.564342899248004,-91.142381317913532,1222.450000000000045,2018-08-04T18:04:03Z
80,1,14.564355807378888,-91.142364386469126,1222.450000000000045,2018-08-04T18:04:22Z
81,1,14.564345329999924,-91.142312586307526,1222.450000000000045,2018-08-04T18:04:36Z
82,1,14.564342983067036,-91.142279393970966,1221.970000000000027,2018-08-04T18:04:56Z
83,1,14.564399057999253,-91.14225072786212,1221.970000000000027,2018-08-04T18:05:19Z
84,1,14.564437447115779,-91.142259361222386,1221.490000000000009,2018-08-04T18:05:21Z
85,1,14.564427891746163,-91.142232622951269,1221.490000000000009,2018-08-04T18:05:44Z
86,1,14.564338875934482,-91.142316944897175,1221.009999999999991,2018-08-04T18:06:12Z
87,1,14.564366033300757,-91.142351645976305,1220.049999999999955,2018-08-04T18:06:35Z
88,1,14.564376343041658,-91.142390286549926,1219.569999999999936,2018-08-04T18:06:40Z
89,1,14.564381539821625,-91.142465472221375,1219.089999999999918,2018-08-04T18:06:59Z
90,1,14.564416157081723,-91.142405541613698,1218.130000000000109,2018-08-04T18:07:25Z
91,1,14.564409283921123,-91.142411911860108,1219.089999999999918,2018-08-04T18:07:28Z
92,1,14.564405428245664,-91.142428424209356,1218.6099999999999,2018-08-04T18:07:31Z
93,1,14.564371565356851,-91.142538730055094,1218.130000000000109,2018-08-04T18:07:59Z
94,1,14.564373157918453,-91.142545770853758,1220.529999999999973,2018-08-04T18:08:00Z
95,1,14.56437106244266,-91.142552560195327,1219.089999999999918,2018-08-04T18:08:01Z
96,1,14.5643759239465,-91.142620956525207,1220.529999999999973,2018-08-04T18:08:09Z
97,1,14.564335942268372,-91.142772501334548,1222.930000000000064,2018-08-04T18:08:29Z
98,1,14.564321106299758,-91.142780799418688,1225.339999999999918,2018-08-04T18:08:44Z
99,1,14.564347174018621,-91.142441499978304,1225.819999999999936,2018-08-04T18:09:05Z
100,1,14.564230246469378,-91.142571419477463,1225.819999999999936,2018-08-04T18:09:19Z
101,1,14.564180793240666,-91.14267292432487,1228.220000000000027,2018-08-04T18:09:37Z
102,1,14.564131842926145,-91.142695220187306,1231.1099999999999,2018-08-04T18:09:47Z
103,1,14.564101248979568,-91.142633194103837,1233.509999999999991,2018-08-04T18:10:07Z
104,1,14.564114408567548,-91.142553985118866,1232.549999999999955,2018-08-04T18:10:15Z
105,1,14.564125472679734,-91.142497826367617,1233.990000000000009,2018-08-04T18:10:17Z
106,1,14.564222870394588,-91.142353741452098,1233.990000000000009,2018-08-04T18:10:38Z
107,1,14.564240472391248,-91.142271850258112,1233.990000000000009,2018-08-04T18:10:59Z
108,1,14.564220774918795,-91.142330104485154,1234.470000000000027,2018-08-04T18:11:26Z
109,1,14.564219517633319,-91.142317280173302,1234.470000000000027,2018-08-04T18:11:52Z
110,1,14.564207782968879,-91.142255002632737,1233.990000000000009,2018-08-04T18:12:16Z
111,1,14.564141985028982,-91.142240250483155,1235.910000000000082,2018-08-04T18:12:31Z
112,1,14.564109295606613,-91.142195323482156,1234.470000000000027,2018-08-04T18:12:46Z
113,1,14.56409839913249,-91.142134973779321,1235.430000000000064,2018-08-04T18:13:00Z
114,1,14.56407442688942,-91.142117623239756,1234.950000000000045,2018-08-04T18:13:18Z
115,1,14.564086077734828,-91.142146876081824,1234.950000000000045,2018-08-04T18:13:41Z
116,1,14.564107870683074,-91.142138410359621,1234.950000000000045,2018-08-04T18:14:02Z
117,1,14.564100997522473,-91.142112510278821,1235.430000000000064,2018-08-04T18:14:25Z
118,1,14.56409890204668,-91.142128268256783,1234.950000000000045,2018-08-04T18:14:57Z
119,1,14.56412916071713,-91.14217889495194,1234.950000000000045,2018-08-04T18:15:30Z
120,1,14.564128322526813,-91.142120808362961,1235.910000000000082,2018-08-04T18:16:02Z
121,1,14.564077109098434,-91.142060710117221,1233.990000000000009,2018-08-04T18:16:25Z
122,1,14.564054477959871,-91.14196440204978,1234.470000000000027,2018-08-04T18:16:46Z
123,1,14.564022207632661,-91.141929617151618,1231.589999999999918,2018-08-04T18:17:05Z
124,1,14.564030086621642,-91.141907908022404,1231.1099999999999,2018-08-04T18:17:26Z
125,1,14.564000079408288,-91.1418442055583,1231.1099999999999,2018-08-04T18:17:42Z
126,1,14.563983818516135,-91.141836494207382,1233.509999999999991,2018-08-04T18:17:57Z
127,1,14.564029583707452,-91.141832219436765,1233.029999999999973,2018-08-04T18:18:23Z
128,1,14.564040983095765,-91.141773210838437,1232.549999999999955,2018-08-04T18:18:42Z
129,1,14.564006282016635,-91.141727361828089,1231.1099999999999,2018-08-04T18:18:56Z
130,1,14.563965126872063,-91.141672795638442,1230.619999999999891,2018-08-04T18:19:12Z
131,1,14.563935957849026,-91.141657875850797,1229.180000000000064,2018-08-04T18:19:24Z
132,1,14.563918942585588,-91.141647817566991,1227.740000000000009,2018-08-04T18:19:35Z
133,1,14.563925983384252,-91.141628455370665,1229.180000000000064,2018-08-04T18:19:45Z
134,1,14.563889941200614,-91.141580427065492,1228.700000000000045,2018-08-04T18:20:01Z
135,1,14.563893629238009,-91.141564082354307,1231.1099999999999,2018-08-04T18:20:04Z
136,1,14.563890863209963,-91.141530303284526,1229.660000000000082,2018-08-04T18:20:16Z
137,1,14.563875440508127,-91.14141957834363,1227.740000000000009,2018-08-04T18:20:33Z
138,1,14.563881810754538,-91.141330059617758,1224.380000000000109,2018-08-04T18:20:45Z
139,1,14.563877871260047,-91.141287311911583,1223.420000000000073,2018-08-04T18:20:53Z
140,1,14.563815928995609,-91.141187734901905,1220.529999999999973,2018-08-04T18:21:10Z
141,1,14.563840487971902,-91.141224363818765,1220.049999999999955,2018-08-04T18:21:36Z
142,1,14.56391123123467,-91.141236182302237,1219.569999999999936,2018-08-04T18:21:58Z
143,1,14.563814336434007,-91.141218915581703,1219.569999999999936,2018-08-04T18:22:22Z
144,1,14.563789023086429,-91.141158817335963,1220.529999999999973,2018-08-04T18:22:43Z
145,1,14.563738228753209,-91.141141299158335,1221.490000000000009,2018-08-04T18:23:04Z
146,1,14.563714843243361,-91.141106095165014,1224.380000000000109,2018-08-04T18:23:22Z
147,1,14.563754070550203,-91.141020432114601,1225.339999999999918,2018-08-04T18:23:37Z
148,1,14.563707802444696,-91.140955975279212,1224.8599999999999,2018-08-04T18:23:57Z
149,1,14.56365323625505,-91.140948180109262,1224.380000000000109,2018-08-04T18:24:18Z
150,1,14.563613506034017,-91.140905767679214,1225.339999999999918,2018-08-04T18:24:37Z
151,1,14.563564639538527,-91.140825804322958,1227.259999999999991,2018-08-04T18:24:56Z
152,1,14.563568495213985,-91.140806190669537,1226.779999999999973,2018-08-04T18:25:13Z
153,1,14.563553743064404,-91.140752881765366,1226.779999999999973,2018-08-04T18:25:36Z
154,1,14.563552485778928,-91.140750451013446,1227.259999999999991,2018-08-04T18:25:57Z
155,1,14.563544355332851,-91.140727987512946,1227.259999999999991,2018-08-04T18:26:11Z
156,1,14.56355994567275,-91.140680043026805,1227.259999999999991,2018-08-04T18:26:22Z
157,1,14.56360436975956,-91.140621118247509,1224.380000000000109,2018-08-04T18:26:36Z
158,1,14.563637813553214,-91.140570072457194,1222.450000000000045,2018-08-04T18:26:49Z
159,1,14.563664719462395,-91.140477703884244,1221.970000000000027,2018-08-04T18:27:05Z
160,1,14.563686847686768,-91.140476865693927,1220.049999999999955,2018-08-04T18:27:24Z
161,1,14.563575033098459,-91.140460688620806,1219.569999999999936,2018-08-04T18:27:53Z
162,1,14.563610069453716,-91.140469070523977,1219.569999999999936,2018-08-04T18:28:30Z
163,1,14.563614679500461,-91.140501173213124,1220.049999999999955,2018-08-04T18:28:56Z
164,1,14.563663545995951,-91.140447529032826,1222.450000000000045,2018-08-04T18:29:11Z
165,1,14.56368844024837,-91.140362955629826,1226.299999999999955,2018-08-04T18:29:25Z
166,1,14.563721716403961,-91.140267485752702,1228.220000000000027,2018-08-04T18:29:40Z
167,1,14.563742084428668,-91.140200681984425,1229.180000000000064,2018-08-04T18:29:51Z
168,1,14.563752645626664,-91.140157347545028,1231.1099999999999,2018-08-04T18:30:01Z
169,1,14.563737222924829,-91.140115857124329,1231.1099999999999,2018-08-04T18:30:08Z
170,1,14.563728254288435,-91.140050562098622,1231.1099999999999,2018-08-04T18:30:18Z
171,1,14.563752980902791,-91.140021393075585,1231.589999999999918,2018-08-04T18:30:32Z
172,1,14.563735211268067,-91.140019465237856,1231.1099999999999,2018-08-04T18:30:53Z
173,1,14.563725907355547,-91.140031367540359,1231.589999999999918,2018-08-04T18:31:07Z
174,1,14.563754573464394,-91.13994930870831,1230.1400000000001,2018-08-04T18:31:22Z
175,1,14.563764631748199,-91.139893401414156,1229.660000000000082,2018-08-04T18:31:40Z
176,1,14.563717022538185,-91.139856688678265,1230.1400000000001,2018-08-04T18:32:12Z
177,1,14.563706628978252,-91.139837158843875,1230.1400000000001,2018-08-04T18:32:48Z
178,1,14.563721129670739,-91.139843361452222,1230.1400000000001,2018-08-04T18:33:11Z
179,1,14.56373043358326,-91.139844954013824,1230.619999999999891,2018-08-04T18:33:41Z
180,1,14.563709646463394,-91.139840092509985,1230.1400000000001,2018-08-04T18:34:11Z
181,1,14.563709395006299,-91.13984813913703,1230.619999999999891,2018-08-04T18:34:33Z
182,1,14.563719453290105,-91.139852330088615,1230.619999999999891,2018-08-04T18:34:59Z
183,1,14.56375390291214,-91.139781754463911,1230.619999999999891,2018-08-04T18:35:13Z
184,1,14.563777120783925,-91.139708664268255,1230.619999999999891,2018-08-04T18:35:25Z
185,1,14.563770247623324,-91.139708831906319,1231.1099999999999,2018-08-04T18:35:39Z
186,1,14.563760692253709,-91.139608416706324,1232.069999999999936,2018-08-04T18:35:53Z
187,1,14.563746359199286,-91.139575894922018,1232.069999999999936,2018-08-04T18:36:10Z
188,1,14.563748287037015,-91.139560472220182,1231.589999999999918,2018-08-04T18:36:14Z
189,1,14.563772175461054,-91.139466846361756,1232.069999999999936,2018-08-04T18:36:27Z
190,1,14.563784748315811,-91.139478497207165,1231.589999999999918,2018-08-04T18:37:04Z
191,1,14.563784664496779,-91.139478329569101,1232.069999999999936,2018-08-04T18:37:28Z
192,1,14.563785502687097,-91.139480425044894,1231.589999999999918,2018-08-04T18:37:55Z
193,1,14.56377100199461,-91.139470199123025,1232.069999999999936,2018-08-04T18:38:16Z
194,1,14.5637715049088,-91.13947682082653,1232.069999999999936,2018-08-04T18:38:44Z
195,1,14.563776198774576,-91.139462739229202,1232.069999999999936,2018-08-04T18:39:14Z
196,1,14.563766475766897,-91.139455446973443,1232.069999999999936,2018-08-04T18:39:47Z
197,1,14.563778378069401,-91.139464415609837,1232.069999999999936,2018-08-04T18:40:17Z
198,1,14.563778210431337,-91.139472043141723,1232.549999999999955,2018-08-04T18:40:40Z
199,1,14.563781563192606,-91.139468271285295,1233.029999999999973,2018-08-04T18:41:13Z
200,1,14.563781479373574,-91.139466343447566,1233.509999999999991,2018-08-04T18:41:38Z
201,1,14.563777539879084,-91.139475563541055,1233.029999999999973,2018-08-04T18:41:59Z
202,1,14.563781730830669,-91.139461230486631,1233.029999999999973,2018-08-04T18:42:21Z
203,1,14.563788939267397,-91.139432899653912,1233.509999999999991,2018-08-04T18:42:43Z
204,1,14.563787849619985,-91.139420662075281,1232.549999999999955,2018-08-04T18:42:46Z
205,1,14.563795309513807,-91.139379758387804,1230.1400000000001,2018-08-04T18:43:00Z
206,1,14.56379497423768,-91.139358133077621,1229.180000000000064,2018-08-04T18:43:14Z
207,1,14.563789861276746,-91.139352014288306,1229.180000000000064,2018-08-04T18:43:33Z
208,1,14.563776785507798,-91.139333238825202,1228.220000000000027,2018-08-04T18:43:54Z
209,1,14.563784245401621,-91.139336172491312,1228.700000000000045,2018-08-04T18:44:15Z
210,1,14.563781563192606,-91.139334831386805,1228.700000000000045,2018-08-04T18:44:53Z
211,1,14.56377100199461,-91.139317145571113,1228.220000000000027,2018-08-04T18:45:12Z
212,1,14.563765469938517,-91.139303147792816,1228.700000000000045,2018-08-04T18:45:38Z
213,1,14.563781814649701,-91.139311781153083,1228.700000000000045,2018-08-04T18:45:59Z
214,1,14.563800087198615,-91.139340028166771,1228.220000000000027,2018-08-04T18:46:22Z
215,1,14.563786676153541,-91.139333741739392,1229.180000000000064,2018-08-04T18:46:45Z
216,1,14.563779048621655,-91.139321085065603,1229.180000000000064,2018-08-04T18:47:07Z
217,1,14.563802098855376,-91.139298537746072,1227.259999999999991,2018-08-04T18:47:22Z
218,1,14.563813582062721,-91.139273475855589,1225.339999999999918,2018-08-04T18:47:36Z
219,1,14.563841745257378,-91.139235673472285,1222.930000000000064,2018-08-04T18:47:52Z
220,1,14.563836129382253,-91.139228381216526,1221.490000000000009,2018-08-04T18:48:13Z
221,1,14.563864460214972,-91.13924028351903,1220.529999999999973,2018-08-04T18:48:25Z
222,1,14.563867226243019,-91.139209186658263,1221.009999999999991,2018-08-04T18:48:47Z
223,1,14.563873428851366,-91.13918119110167,1221.009999999999991,2018-08-04T18:49:07Z
224,1,14.563839146867394,-91.139155374839902,1220.529999999999973,2018-08-04T18:49:37Z
225,1,14.56386093981564,-91.139150848612189,1220.529999999999973,2018-08-04T18:49:59Z
226,1,14.563884325325489,-91.139112962409854,1221.009999999999991,2018-08-04T18:50:21Z
227,1,14.56386529840529,-91.139234080910683,1221.970000000000027,2018-08-04T18:50:41Z
228,1,14.563854821026325,-91.139183035120368,1222.450000000000045,2018-08-04T18:51:05Z
229,1,14.563850210979581,-91.13924958743155,1221.970000000000027,2018-08-04T18:51:28Z
230,1,14.563862616196275,-91.139212036505342,1222.450000000000045,2018-08-04T18:51:57Z
231,1,14.563853479921818,-91.139227291569114,1221.009999999999991,2018-08-04T18:52:21Z
232,1,14.563868818804622,-91.139266435056925,1222.930000000000064,2018-08-04T18:52:38Z
233,1,14.563872255384922,-91.13921002484858,1223.420000000000073,2018-08-04T18:52:55Z
234,1,14.563838308677077,-91.139135845005512,1225.819999999999936,2018-08-04T18:53:09Z
235,1,14.563839314505458,-91.139135928824544,1225.819999999999936,2018-08-04T18:53:11Z
236,1,14.563847361132503,-91.139053031802177,1225.819999999999936,2018-08-04T18:53:21Z
237,1,14.563849456608295,-91.139040123671293,1227.259999999999991,2018-08-04T18:53:23Z
238,1,14.563847361132503,-91.138926884159446,1227.740000000000009,2018-08-04T18:53:38Z
239,1,14.56384333781898,-91.138837030157447,1229.180000000000064,2018-08-04T18:53:53Z
240,1,14.563829507678747,-91.138750780373812,1231.589999999999918,2018-08-04T18:54:08Z
241,1,14.563805535435677,-91.13866226747632,1233.029999999999973,2018-08-04T18:54:24Z
242,1,14.563785837963223,-91.138607449829578,1233.029999999999973,2018-08-04T18:54:37Z
243,1,14.563783491030335,-91.138552967458963,1232.069999999999936,2018-08-04T18:54:51Z
244,1,14.563749711960554,-91.13846193999052,1232.069999999999936,2018-08-04T18:55:06Z
245,1,14.563782988116145,-91.138310311362147,1232.549999999999955,2018-08-04T18:55:23Z
246,1,14.56379933282733,-91.138283740729094,1232.549999999999955,2018-08-04T18:55:27Z
247,1,14.563787262886763,-91.138236466795206,1232.069999999999936,2018-08-04T18:55:40Z
248,1,14.563769828528166,-91.138228923082352,1232.549999999999955,2018-08-04T18:56:10Z
249,1,14.563794387504458,-91.138235125690699,1232.069999999999936,2018-08-04T18:56:34Z
250,1,14.563797656446695,-91.138213332742453,1231.589999999999918,2018-08-04T18:56:57Z
251,1,14.563798159360886,-91.138224815949798,1231.589999999999918,2018-08-04T18:57:23Z
252,1,14.563796147704124,-91.138220122084022,1232.069999999999936,2018-08-04T18:57:46Z
253,1,14.563825903460383,-91.138184582814574,1231.589999999999918,2018-08-04T18:58:00Z
254,1,14.563861023634672,-91.138180224224925,1232.069999999999936,2018-08-04T18:58:10Z
255,1,14.563907124102116,-91.138152396306396,1232.069999999999936,2018-08-04T18:58:22Z
256,1,14.563984740525484,-91.13811057060957,1232.069999999999936,2018-08-04T18:58:36Z
257,1,14.56400410272181,-91.138102188706398,1232.069999999999936,2018-08-04T18:58:40Z
258,1,14.564057495445013,-91.138090202584863,1232.069999999999936,2018-08-04T18:58:52Z
259,1,14.56406369805336,-91.138081233948469,1232.069999999999936,2018-08-04T18:58:54Z
260,1,14.564111893996596,-91.138020129874349,1229.660000000000082,2018-08-04T18:59:06Z
261,1,14.564117509871721,-91.138010239228606,1228.700000000000045,2018-08-04T18:59:08Z
262,1,14.564149947836995,-91.137953493744135,1228.700000000000045,2018-08-04T18:59:22Z
263,1,14.564190683886409,-91.137886941432953,1231.1099999999999,2018-08-04T18:59:33Z
264,1,14.564244076609612,-91.137858610600233,1232.069999999999936,2018-08-04T18:59:44Z
265,1,14.56430702470243,-91.137776887044311,1232.549999999999955,2018-08-04T18:59:56Z
266,1,14.564377013593912,-91.137760123237967,1233.509999999999991,2018-08-04T19:00:08Z
267,1,14.564428729936481,-91.137731121852994,1233.509999999999991,2018-08-04T19:00:20Z
268,1,14.56443359144032,-91.137727852910757,1232.549999999999955,2018-08-04T19:00:35Z
269,1,14.564437698572874,-91.137731708586216,1232.549999999999955,2018-08-04T19:01:05Z
270,1,14.56444825977087,-91.137710586190224,1233.029999999999973,2018-08-04T19:01:21Z
271,1,14.5644570607692,-91.137720728293061,1233.029999999999973,2018-08-04T19:01:44Z
272,1,14.564448930323124,-91.13769868388772,1232.549999999999955,2018-08-04T19:02:05Z
273,1,14.564441218972206,-91.137700779363513,1233.029999999999973,2018-08-04T19:02:25Z
274,1,14.564456641674042,-91.137706898152828,1232.549999999999955,2018-08-04T19:02:44Z
275,1,14.564454378560185,-91.137705305591226,1233.029999999999973,2018-08-04T19:03:14Z
276,1,14.564450355246663,-91.137707736343145,1233.509999999999991,2018-08-04T19:03:30Z
277,1,14.564449014142156,-91.137707987800241,1233.509999999999991,2018-08-04T19:03:49Z
278,1,14.56444532610476,-91.13770941272378,1233.029999999999973,2018-08-04T19:04:03Z
279,1,14.564458653330803,-91.137717626988888,1233.509999999999991,2018-08-04T19:04:18Z
280,1,14.564473992213607,-91.137726260349154,1233.029999999999973,2018-08-04T19:04:39Z
281,1,14.564507268369198,-91.137730702757835,1233.990000000000009,2018-08-04T19:04:44Z
282,1,14.564530150964856,-91.137705724686384,1233.029999999999973,2018-08-04T19:04:48Z
283,1,14.564544735476375,-91.13768502138555,1232.549999999999955,2018-08-04T19:04:52Z
284,1,14.56456795334816,-91.137681752443314,1232.549999999999955,2018-08-04T19:04:55Z
285,1,14.564683875069022,-91.137648141011596,1232.069999999999936,2018-08-04T19:05:08Z
286,1,14.564718240872025,-91.137642106041312,1232.069999999999936,2018-08-04T19:05:12Z
287,1,14.564825361594558,-91.13763271830976,1231.589999999999918,2018-08-04T19:05:26Z
288,1,14.5648801792413,-91.137625342234969,1231.589999999999918,2018-08-04T19:05:32Z
289,1,14.565014373511076,-91.13763858564198,1231.589999999999918,2018-08-04T19:05:48Z
290,1,14.565084781497717,-91.137644620612264,1231.1099999999999,2018-08-04T19:05:56Z
291,1,14.565109424293041,-91.137621654197574,1231.1099999999999,2018-08-04T19:05:59Z
292,1,14.5651582069695,-91.137574966996908,1230.619999999999891,2018-08-04T19:06:11Z
293,1,14.565205397084355,-91.13755451515317,1231.1099999999999,2018-08-04T19:06:23Z
294,1,14.565262058749795,-91.137519562616944,1229.180000000000064,2018-08-04T19:06:39Z
295,1,14.565290892496705,-91.137492153793573,1227.740000000000009,2018-08-04T19:06:45Z
296,1,14.565351409837604,-91.137449992820621,1227.259999999999991,2018-08-04T19:06:58Z
297,1,14.565361803397536,-91.137447478249669,1227.740000000000009,2018-08-04T19:07:00Z
298,1,14.565441431477666,-91.137409005314112,1225.339999999999918,2018-08-04T19:07:11Z
299,1,14.565510414540768,-91.137366844341159,1224.380000000000109,2018-08-04T19:07:22Z
300,1,14.565529776737094,-91.137362904846668,1223.900000000000091,2018-08-04T19:07:25Z
301,1,14.565564896911383,-91.13731361925602,1222.450000000000045,2018-08-04T19:07:39Z
302,1,14.565561879426241,-91.137302303686738,1221.009999999999991,2018-08-04T19:07:55Z
303,1,14.56560873426497,-91.13726575858891,1217.650000000000091,2018-08-04T19:08:08Z
304,1,14.565650476142764,-91.137247486039996,1215.720000000000027,2018-08-04T19:08:20Z
305,1,14.565655253827572,-91.137246312573552,1215.240000000000009,2018-08-04T19:08:27Z
306,1,14.565671682357788,-91.137234577909112,1213.799999999999955,2018-08-04T19:08:37Z
307,1,14.565667826682329,-91.137232314795256,1212.839999999999918,2018-08-04T19:08:52Z
308,1,14.565668078139424,-91.137235583737493,1213.799999999999955,2018-08-04T19:09:06Z
309,1,14.565658858045936,-91.137232733890414,1213.319999999999936,2018-08-04T19:09:22Z
310,1,14.565661707893014,-91.137231308966875,1214.279999999999973,2018-08-04T19:09:37Z
311,1,14.565660115331411,-91.137239690870047,1214.279999999999973,2018-08-04T19:09:54Z
312,1,14.565701354295015,-91.137223346158862,1215.720000000000027,2018-08-04T19:10:13Z
313,1,14.565772265195847,-91.137184789404273,1219.089999999999918,2018-08-04T19:10:25Z
314,1,14.565781485289335,-91.137176910415292,1219.569999999999936,2018-08-04T19:10:27Z
315,1,14.565843427553773,-91.137163331732154,1222.930000000000064,2018-08-04T19:10:36Z
316,1,14.565922552719712,-91.137123517692089,1222.450000000000045,2018-08-04T19:10:46Z
317,1,14.565943339839578,-91.137122176587582,1221.970000000000027,2018-08-04T19:10:48Z
318,1,14.565969575196505,-91.137110022827983,1221.970000000000027,2018-08-04T19:10:51Z
319,1,14.566057752817869,-91.137070544064045,1221.970000000000027,2018-08-04T19:11:02Z
320,1,14.566098740324378,-91.137016732245684,1222.450000000000045,2018-08-04T19:11:09Z
321,1,14.566111229360104,-91.137002483010292,1221.970000000000027,2018-08-04T19:11:11Z
322,1,14.566193874925375,-91.137019162997603,1222.450000000000045,2018-08-04T19:11:21Z
323,1,14.566297475248575,-91.136987395584583,1222.450000000000045,2018-08-04T19:11:36Z
324,1,14.566360590979457,-91.136986976489425,1221.009999999999991,2018-08-04T19:11:52Z
325,1,14.566392609849572,-91.136991083621979,1221.970000000000027,2018-08-04T19:12:10Z
326,1,14.566413229331374,-91.136965854093432,1221.009999999999991,2018-08-04T19:12:33Z
327,1,14.566416414454579,-91.136970296502113,1220.529999999999973,2018-08-04T19:12:55Z
328,1,14.566385820508003,-91.136985635384917,1220.049999999999955,2018-08-04T19:13:31Z
329,1,14.566380204632878,-91.136993430554867,1221.009999999999991,2018-08-04T19:13:46Z
330,1,14.566412139683962,-91.136952359229326,1220.529999999999973,2018-08-04T19:14:08Z
331,1,14.566387161612511,-91.13694665953517,1221.009999999999991,2018-08-04T19:14:33Z
332,1,14.566395375877619,-91.136955711990595,1220.529999999999973,2018-08-04T19:14:57Z
333,1,14.566401578485966,-91.136969374492764,1220.529999999999973,2018-08-04T19:15:18Z
334,1,14.566397136077285,-91.136966943740845,1220.529999999999973,2018-08-04T19:15:46Z
335,1,14.566386407241225,-91.136963842436671,1220.049999999999955,2018-08-04T19:16:15Z
336,1,14.566381713375449,-91.136968536302447,1220.529999999999973,2018-08-04T19:16:34Z
337,1,14.566381881013513,-91.136975577101111,1219.089999999999918,2018-08-04T19:16:49Z
338,1,14.566418426111341,-91.136975241824985,1217.170000000000073,2018-08-04T19:17:03Z
339,1,14.56645455211401,-91.136961663141847,1214.279999999999973,2018-08-04T19:17:15Z
340,1,14.566498976200819,-91.136963926255703,1212.3599999999999,2018-08-04T19:17:28Z
341,1,14.56651758402586,-91.136964848265052,1209,2018-08-04T19:17:38Z
342,1,14.56651465035975,-91.136963171884418,1208.509999999999991,2018-08-04T19:17:51Z
343,1,14.566517751663923,-91.136950179934502,1207.069999999999936,2018-08-04T19:18:07Z
344,1,14.566566115245223,-91.136937104165554,1203.230000000000018,2018-08-04T19:18:16Z
345,1,14.566568294540048,-91.136937774717808,1203.230000000000018,2018-08-04T19:18:17Z
346,1,14.566563181579113,-91.136939032003284,1202.269999999999982,2018-08-04T19:18:32Z
347,1,14.566567707806826,-91.136954622343183,1202.269999999999982,2018-08-04T19:18:57Z
348,1,14.566567623987794,-91.13693886436522,1202.75,2018-08-04T19:19:21Z
349,1,14.566496377810836,-91.136928219348192,1203.230000000000018,2018-08-04T19:19:49Z
350,1,14.56658748909831,-91.136902570724487,1206.1099999999999,2018-08-04T19:20:07Z
351,1,14.566602576524019,-91.136894440278411,1209.480000000000018,2018-08-04T19:20:22Z
352,1,14.566655801609159,-91.13688362762332,1211.880000000000109,2018-08-04T19:20:38Z
353,1,14.566655047237873,-91.136830570176244,1214.279999999999973,2018-08-04T19:20:56Z
354,1,14.566749762743711,-91.136804921552539,1216.690000000000055,2018-08-04T19:21:11Z
355,1,14.566799383610487,-91.136848591268063,1218.6099999999999,2018-08-04T19:21:24Z
356,1,14.566811705008149,-91.136801987886429,1221.970000000000027,2018-08-04T19:21:37Z
357,1,14.566871635615826,-91.136785894632339,1224.380000000000109,2018-08-04T19:21:52Z
358,1,14.566949168220162,-91.136783128604293,1227.259999999999991,2018-08-04T19:22:06Z
359,1,14.566935002803802,-91.136780446395278,1226.779999999999973,2018-08-04T19:22:17Z
360,1,14.56693148240447,-91.136778267100453,1226.299999999999955,2018-08-04T19:22:32Z
361,1,14.566916730254889,-91.136785726994276,1225.819999999999936,2018-08-04T19:22:51Z
362,1,14.56696517765522,-91.136786229908466,1226.299999999999955,2018-08-04T19:23:03Z
363,1,14.566956209018826,-91.136800982058048,1225.819999999999936,2018-08-04T19:23:20Z
364,1,14.566959394142032,-91.136812465265393,1226.299999999999955,2018-08-04T19:23:49Z
365,1,14.566950760781765,-91.136805843561888,1226.299999999999955,2018-08-04T19:24:10Z
366,1,14.56695880740881,-91.136781787499785,1226.299999999999955,2018-08-04T19:24:29Z
367,1,14.566949419677258,-91.136781871318817,1225.819999999999936,2018-08-04T19:24:48Z
368,1,14.566956544294953,-91.13678882829845,1225.819999999999936,2018-08-04T19:25:03Z
369,1,14.566971966996789,-91.136789498850703,1225.819999999999936,2018-08-04T19:25:17Z
370,1,14.566962914541364,-91.136791342869401,1225.819999999999936,2018-08-04T19:25:41Z
371,1,14.566957969218493,-91.136775836348534,1225.819999999999936,2018-08-04T19:26:03Z
372,1,14.566964758560061,-91.136778686195612,1225.339999999999918,2018-08-04T19:26:25Z
373,1,14.566970961168408,-91.136790839955211,1225.819999999999936,2018-08-04T19:26:54Z
374,1,14.566967356950045,-91.1367844697088,1225.819999999999936,2018-08-04T19:27:24Z
375,1,14.566961405798793,-91.136790923774242,1225.819999999999936,2018-08-04T19:27:50Z
376,1,14.566914048045874,-91.136797126382589,1225.819999999999936,2018-08-04T19:28:14Z
377,1,14.566921424120665,-91.13679276779294,1224.8599999999999,2018-08-04T19:28:37Z
378,1,14.566925866529346,-91.13679570145905,1224.8599999999999,2018-08-04T19:28:58Z
379,1,14.566934499889612,-91.136797294020653,1224.8599999999999,2018-08-04T19:29:21Z
380,1,14.566975235939026,-91.136805592104793,1224.8599999999999,2018-08-04T19:29:36Z
381,1,14.566971799358726,-91.136788995936513,1224.8599999999999,2018-08-04T19:29:52Z
382,1,14.56697297282517,-91.136783631518483,1224.380000000000109,2018-08-04T19:30:13Z
383,1,14.567076321691275,-91.136764017865062,1222.930000000000064,2018-08-04T19:30:28Z
384,1,14.567119069397449,-91.136739291250706,1220.049999999999955,2018-08-04T19:30:35Z
385,1,14.56714496947825,-91.136729652062058,1219.089999999999918,2018-08-04T19:30:39Z
386,1,14.567213114351034,-91.136712888255715,1219.089999999999918,2018-08-04T19:30:52Z
387,1,14.567217472940683,-91.136707104742527,1219.089999999999918,2018-08-04T19:30:53Z
388,1,14.567251587286592,-91.136660249903798,1220.049999999999955,2018-08-04T19:31:07Z
389,1,14.567263573408127,-91.136665865778923,1220.529999999999973,2018-08-04T19:31:09Z
390,1,14.567300705239177,-91.136647341772914,1221.009999999999991,2018-08-04T19:31:13Z
391,1,14.567309003323317,-91.136626722291112,1221.009999999999991,2018-08-04T19:31:15Z
392,1,14.567324593663216,-91.136613814160228,1220.529999999999973,2018-08-04T19:31:17Z
393,1,14.567425344139338,-91.136598894372582,1220.529999999999973,2018-08-04T19:31:30Z
394,1,14.567518634721637,-91.136595122516155,1220.049999999999955,2018-08-04T19:31:44Z
395,1,14.567596921697259,-91.136595122516155,1220.049999999999955,2018-08-04T19:31:53Z
396,1,14.567699264734983,-91.136551452800632,1219.089999999999918,2018-08-04T19:32:07Z
397,1,14.567757854238153,-91.136517841368914,1218.130000000000109,2018-08-04T19:32:17Z
398,1,14.567774869501591,-91.136501748114824,1218.130000000000109,2018-08-04T19:32:29Z
399,1,14.567774450406432,-91.136520775035024,1217.650000000000091,2018-08-04T19:32:45Z
400,1,14.567776881158352,-91.136509291827679,1217.170000000000073,2018-08-04T19:33:10Z
401,1,14.567786101251841,-91.136482721194625,1216.690000000000055,2018-08-04T19:33:27Z
402,1,14.567795572802424,-91.136420024558902,1215.240000000000009,2018-08-04T19:33:41Z
403,1,14.567849887534976,-91.13638574257493,1212.839999999999918,2018-08-04T19:33:55Z
404,1,14.567870926111937,-91.136390520259738,1211.400000000000091,2018-08-04T19:34:12Z
405,1,14.567889198660851,-91.136382725089788,1211.880000000000109,2018-08-04T19:34:33Z
406,1,14.567884923890233,-91.136369900777936,1209.480000000000018,2018-08-04T19:34:45Z
407,1,14.567862628027797,-91.136393956840038,1210.920000000000073,2018-08-04T19:35:24Z
408,1,14.567863885313272,-91.136395968496799,1210.920000000000073,2018-08-04T19:35:49Z
409,1,14.567869836464524,-91.136387167498469,1210.920000000000073,2018-08-04T19:36:13Z
410,1,14.567868746817112,-91.136380294337869,1210.920000000000073,2018-08-04T19:36:36Z
411,1,14.567881571128964,-91.136411223560572,1210.920000000000073,2018-08-04T19:36:59Z
412,1,14.567880313843489,-91.136402087286115,1210.440000000000055,2018-08-04T19:37:20Z
413,1,14.567889450117946,-91.136406110599637,1209,2018-08-04T19:37:53Z
414,1,14.56785592250526,-91.136365039274096,1209.960000000000036,2018-08-04T19:38:18Z
415,1,14.567871345207095,-91.136368392035365,1209.960000000000036,2018-08-04T19:38:40Z
416,1,14.567870339378715,-91.136352717876434,1210.440000000000055,2018-08-04T19:39:03Z
417,1,14.567981651052833,-91.136334696784616,1212.839999999999918,2018-08-04T19:39:18Z
418,1,14.568007215857506,-91.136309718713164,1214.759999999999991,2018-08-04T19:39:35Z
419,1,14.568232940509915,-91.136225648224354,1207.549999999999955,2018-08-04T19:50:27Z
420,1,14.568236041814089,-91.136227324604988,1208.509999999999991,2018-08-04T19:50:39Z
421,1,14.568230342119932,-91.136226402595639,1207.549999999999955,2018-08-04T19:50:56Z
422,1,14.568235371261835,-91.136222714558244,1208.509999999999991,2018-08-04T19:51:13Z
423,1,14.568243753165007,-91.136216092854738,1208.509999999999991,2018-08-04T19:51:24Z
424,1,14.568238640204072,-91.136224558576941,1209,2018-08-04T19:51:39Z
425,1,14.568235371261835,-91.136234449222684,1208.509999999999991,2018-08-04T19:51:48Z
426,1,14.568249033764005,-91.136226234957576,1208.029999999999973,2018-08-04T19:52:04Z
427,1,14.568239562213421,-91.136217433959246,1208.029999999999973,2018-08-04T19:52:20Z
428,1,14.56824442371726,-91.136224810034037,1208.029999999999973,2018-08-04T19:52:37Z
429,1,14.568238304927945,-91.136226151138544,1208.509999999999991,2018-08-04T19:52:52Z
430,1,14.568234868347645,-91.136239729821682,1208.029999999999973,2018-08-04T19:53:11Z
431,1,14.568253559991717,-91.136218020692468,1208.509999999999991,2018-08-04T19:53:31Z
432,1,14.568232437595725,-91.136219864711165,1208.029999999999973,2018-08-04T19:53:48Z
433,1,14.568236460909247,-91.136227995157242,1208.029999999999973,2018-08-04T19:54:02Z
434,1,14.568235538899899,-91.136249788105488,1208.029999999999973,2018-08-04T19:54:24Z
435,1,14.568242747336626,-91.136221960186958,1208.509999999999991,2018-08-04T19:54:45Z
436,1,14.568266049027443,-91.136220954358578,1208.509999999999991,2018-08-04T19:55:03Z
437,1,14.568271664902568,-91.136240819469094,1208.029999999999973,2018-08-04T19:55:26Z
438,1,14.568277783691883,-91.136243753135204,1209,2018-08-04T19:55:49Z
439,1,14.568317010998726,-91.136220954358578,1208.029999999999973,2018-08-04T19:56:09Z
440,1,14.56833285279572,-91.136225899681449,1207.549999999999955,2018-08-04T19:56:11Z
441,1,14.568451540544629,-91.13626261241734,1205.630000000000109,2018-08-04T19:56:29Z
442,1,14.568523038178682,-91.136268312111497,1204.670000000000073,2018-08-04T19:56:41Z
443,1,14.568601408973336,-91.136203687638044,1202.75,2018-08-04T19:56:55Z
444,1,14.568589255213737,-91.136125735938549,1201.299999999999955,2018-08-04T19:57:07Z
445,1,14.568594368174672,-91.136121712625027,1200.819999999999936,2018-08-04T19:57:23Z
446,1,14.568589758127928,-91.136114504188299,1200.819999999999936,2018-08-04T19:57:41Z
447,1,14.568596379831433,-91.136117270216346,1200.339999999999918,2018-08-04T19:57:58Z
448,1,14.568588081747293,-91.136124562472105,1200.819999999999936,2018-08-04T19:58:21Z
449,1,14.568582633510232,-91.136128837242723,1201.299999999999955,2018-08-04T19:58:34Z
450,1,14.568587159737945,-91.1361213773489,1200.819999999999936,2018-08-04T19:58:44Z
451,1,14.568581627681851,-91.136130345985293,1200.819999999999936,2018-08-04T19:59:01Z
452,1,14.568587159737945,-91.136123975738883,1201.299999999999955,2018-08-04T19:59:21Z
453,1,14.568606354296207,-91.136131351813674,1201.299999999999955,2018-08-04T19:59:42Z
454,1,14.568642564117908,-91.136161778122187,1199.8599999999999,2018-08-04T19:59:54Z
455,1,14.568654047325253,-91.13615264184773,1196.5,2018-08-04T20:00:05Z
456,1,14.568655388429761,-91.136157670989633,1196.019999999999982,2018-08-04T20:00:06Z
457,1,14.568736692890525,-91.136210057884455,1195.539999999999964,2018-08-04T20:00:18Z
458,1,14.568738369271159,-91.136207291856408,1195.539999999999964,2018-08-04T20:00:19Z
459,1,14.568783128634095,-91.136140655726194,1197.940000000000055,2018-08-04T20:00:32Z
460,1,14.568789331242442,-91.136054657399654,1197.460000000000036,2018-08-04T20:00:46Z
461,1,14.568784385919571,-91.136005623266101,1199.8599999999999,2018-08-04T20:01:01Z
462,1,14.568789750337601,-91.136014088988304,1200.339999999999918,2018-08-04T20:01:16Z
463,1,14.568796288222075,-91.136008892208338,1200.339999999999918,2018-08-04T20:01:32Z
464,1,14.568794863298535,-91.135991290211678,1200.339999999999918,2018-08-04T20:01:53Z
465,1,14.568796120584011,-91.135998163372278,1200.819999999999936,2018-08-04T20:02:19Z
466,1,14.568805256858468,-91.136010317131877,1200.819999999999936,2018-08-04T20:02:44Z
467,1,14.568792348727584,-91.136007467284799,1199.8599999999999,2018-08-04T20:03:09Z
468,1,14.568813387304544,-91.135979974642396,1200.819999999999936,2018-08-04T20:03:30Z
469,1,14.568844232708216,-91.135960696265101,1200.339999999999918,2018-08-04T20:03:37Z
470,1,14.568868959322572,-91.135892551392317,1202.269999999999982,2018-08-04T20:03:49Z
471,1,14.568923693150282,-91.135782497003675,1201.789999999999964,2018-08-04T20:04:05Z
472,1,14.569013547152281,-91.135709574446082,1201.789999999999964,2018-08-04T20:04:20Z
473,1,14.569102898240089,-91.135675963014364,1200.819999999999936,2018-08-04T20:04:32Z
474,1,14.569231141358614,-91.135713597759604,1200.339999999999918,2018-08-04T20:04:48Z
475,1,14.569318732246757,-91.135712759569287,1201.789999999999964,2018-08-04T20:04:58Z
476,1,14.569470612332225,-91.135662049055099,1202.269999999999982,2018-08-04T20:05:13Z
477,1,14.569596089422703,-91.135629024356604,1201.789999999999964,2018-08-04T20:05:26Z
478,1,14.569625006988645,-91.135619217529893,1202.269999999999982,2018-08-04T20:05:29Z
479,1,14.569690050557256,-91.135588204488158,1203.710000000000036,2018-08-04T20:05:36Z
480,1,14.569798512384295,-91.135540679097176,1204.670000000000073,2018-08-04T20:05:49Z
481,1,14.56983245909214,-91.135527854785323,1205.150000000000091,2018-08-04T20:05:53Z
482,1,14.569925749674439,-91.13545736297965,1204.670000000000073,2018-08-04T20:06:06Z
483,1,14.569990625604987,-91.135422913357615,1205.150000000000091,2018-08-04T20:06:18Z
484,1,14.569992637261748,-91.135421069338918,1204.670000000000073,2018-08-04T20:06:37Z
485,1,14.569958355277777,-91.135424422100186,1204.190000000000055,2018-08-04T20:06:51Z
486,1,14.569939831271768,-91.135423583909869,1204.190000000000055,2018-08-04T20:06:53Z
487,1,14.569926001131535,-91.135445795953274,1204.190000000000055,2018-08-04T20:07:08Z
488,1,14.569941591471434,-91.135436743497849,1205.630000000000109,2018-08-04T20:07:23Z
489,1,14.569969670847058,-91.135430205613375,1205.150000000000091,2018-08-04T20:07:38Z
490,1,14.569983333349228,-91.135422075167298,1205.150000000000091,2018-08-04T20:07:52Z
491,1,14.569989703595638,-91.135420231148601,1204.670000000000073,2018-08-04T20:08:06Z
492,1,14.569979226216674,-91.135435150936246,1204.670000000000073,2018-08-04T20:08:18Z
493,1,14.569974448531866,-91.135443616658449,1204.670000000000073,2018-08-04T20:08:33Z
494,1,14.56997805275023,-91.135440012440085,1204.670000000000073,2018-08-04T20:08:57Z
495,1,14.569973526522517,-91.135439090430737,1205.630000000000109,2018-08-04T20:09:13Z
496,1,14.569975202903152,-91.135431881994009,1204.190000000000055,2018-08-04T20:09:19Z
497,1,14.569963552057743,-91.135437665507197,1204.670000000000073,2018-08-04T20:09:37Z
498,1,14.57000395283103,-91.13542852923274,1205.150000000000091,2018-08-04T20:09:48Z
499,1,14.570016274228692,-91.135413609445095,1205.150000000000091,2018-08-04T20:10:16Z
500,1,14.570009065791965,-91.135404473170638,1204.670000000000073,2018-08-04T20:10:34Z
501,1,14.570584734901786,-91.13513482734561,1204.670000000000073,2018-08-04T20:26:10Z
502,1,14.570562858134508,-91.135161146521568,1206.589999999999918,2018-08-04T20:26:24Z
503,1,14.570568557828665,-91.135151339694858,1206.1099999999999,2018-08-04T20:26:43Z
504,1,14.570565540343523,-91.135170366615057,1205.630000000000109,2018-08-04T20:27:07Z
505,1,14.570551374927163,-91.135178999975324,1206.1099999999999,2018-08-04T20:27:27Z
506,1,14.570556655526161,-91.13517539575696,1206.589999999999918,2018-08-04T20:28:13Z
507,1,14.570546764880419,-91.135167181491852,1206.1099999999999,2018-08-04T20:28:42Z
508,1,14.570529665797949,-91.135163409635425,1206.1099999999999,2018-08-04T20:29:10Z
509,1,14.570537209510803,-91.135156117379665,1206.1099999999999,2018-08-04T20:29:29Z
510,1,14.570541484281421,-91.135164499282837,1207.069999999999936,2018-08-04T20:29:52Z
511,1,14.570550452917814,-91.135160559788346,1207.069999999999936,2018-08-04T20:30:04Z
512,1,14.570596218109131,-91.135154105722904,1207.069999999999936,2018-08-04T20:30:26Z
513,1,14.570608707144856,-91.135155782103539,1204.670000000000073,2018-08-04T20:30:43Z
514,1,14.570635026320815,-91.135126110166311,1202.269999999999982,2018-08-04T20:30:52Z
515,1,14.570676935836673,-91.135094426572323,1197.940000000000055,2018-08-04T20:31:03Z
516,1,14.570695292204618,-91.135087637230754,1196.980000000000018,2018-08-04T20:31:07Z
517,1,14.57073150202632,-91.135061234235764,1194.089999999999918,2018-08-04T20:31:13Z
518,1,14.570753294974566,-91.135037848725915,1193.130000000000109,2018-08-04T20:31:18Z
519,1,14.570771902799606,-91.135055366903543,1192.170000000000073,2018-08-04T20:31:21Z
520,1,14.570793360471725,-91.135057965293527,1191.690000000000055,2018-08-04T20:31:23Z
521,1,14.57087273709476,-91.135014547035098,1191.210000000000036,2018-08-04T20:31:31Z
522,1,14.570968290790915,-91.134996442124248,1187.849999999999909,2018-08-04T20:31:45Z
523,1,14.570972146466374,-91.134993089362979,1187.849999999999909,2018-08-04T20:31:46Z
524,1,14.571031406521797,-91.134965177625418,1186.400000000000091,2018-08-04T20:32:00Z
525,1,14.571036016568542,-91.134955957531929,1185.920000000000073,2018-08-04T20:32:01Z
526,1,14.571059234440327,-91.134923435747623,1185.920000000000073,2018-08-04T20:32:07Z
527,1,14.571074405685067,-91.134925866499543,1184.960000000000036,2018-08-04T20:32:09Z
528,1,14.571089912205935,-91.134922010824084,1184,2018-08-04T20:32:11Z
529,1,14.571115560829639,-91.134903151541948,1183.039999999999964,2018-08-04T20:32:23Z
530,1,14.571139784529805,-91.13490030169487,1181.599999999999909,2018-08-04T20:32:28Z
531,1,14.57117079757154,-91.134882196784019,1181.599999999999909,2018-08-04T20:32:32Z
532,1,14.571178006008267,-91.134880352765322,1181.119999999999891,2018-08-04T20:32:35Z
533,1,14.57119720056653,-91.134855374693871,1180.160000000000082,2018-08-04T20:32:38Z
534,1,14.571200637146831,-91.13482503220439,1181.119999999999891,2018-08-04T20:32:52Z
535,1,14.571195859462023,-91.134821763262153,1180.6400000000001,2018-08-04T20:33:09Z
536,1,14.571205414831638,-91.134813213720918,1180.6400000000001,2018-08-04T20:33:25Z
537,1,14.571183538064361,-91.134836515411735,1180.160000000000082,2018-08-04T20:33:37Z
538,1,14.571175239980221,-91.134831486269832,1180.160000000000082,2018-08-04T20:33:53Z
539,1,14.571195943281054,-91.134828217327595,1179.670000000000073,2018-08-04T20:33:58Z
540,1,14.571215976029634,-91.134821930900216,1180.160000000000082,2018-08-04T20:34:00Z
541,1,14.571244055405259,-91.134805418550968,1179.670000000000073,2018-08-04T20:34:03Z
542,1,14.571364084258676,-91.134766358882189,1181.599999999999909,2018-08-04T20:34:16Z
543,1,14.571430720388889,-91.134730400517583,1183.519999999999982,2018-08-04T20:34:25Z
544,1,14.571481011807919,-91.13469067029655,1184.960000000000036,2018-08-04T20:34:36Z
545,1,14.571486124768853,-91.134693520143628,1185.440000000000055,2018-08-04T20:34:53Z
546,1,14.571485454216599,-91.134699890390038,1185.440000000000055,2018-08-04T20:35:07Z
547,1,14.571485705673695,-91.13469310104847,1184.480000000000018,2018-08-04T20:35:25Z
548,1,14.571474557742476,-91.134692933410406,1184.480000000000018,2018-08-04T20:35:51Z
549,1,14.571482017636299,-91.13468874245882,1184.960000000000036,2018-08-04T20:36:10Z
550,1,14.571467936038971,-91.134701985865831,1185.440000000000055,2018-08-04T20:36:22Z
551,1,14.571487633511424,-91.134703075513244,1184.480000000000018,2018-08-04T20:36:36Z
552,1,14.571476317942142,-91.134709278121591,1184.480000000000018,2018-08-04T20:36:52Z
553,1,14.571467600762844,-91.134703578427434,1184.960000000000036,2018-08-04T20:37:17Z
554,1,14.571469612419605,-91.134691005572677,1184.960000000000036,2018-08-04T20:37:42Z
555,1,14.571470199152827,-91.134674828499556,1184.960000000000036,2018-08-04T20:38:02Z
556,1,14.571465337648988,-91.134684467688203,1185.440000000000055,2018-08-04T20:38:18Z
557,1,14.571460643783212,-91.134689748287201,1184.960000000000036,2018-08-04T20:38:47Z
558,1,14.571453183889389,-91.134686479344964,1185.440000000000055,2018-08-04T20:39:11Z
559,1,14.57145276479423,-91.134687568992376,1185.440000000000055,2018-08-04T20:39:33Z
560,1,14.571462823078036,-91.134681785479188,1185.920000000000073,2018-08-04T20:39:50Z
561,1,14.571468774229288,-91.134729562327266,1185.440000000000055,2018-08-04T20:40:05Z
562,1,14.571904381737113,-91.134498305618763,1184.480000000000018,2018-08-04T20:45:51Z
563,1,14.571903292089701,-91.134508280083537,1184.480000000000018,2018-08-04T20:46:17Z
564,1,14.57190471701324,-91.134507609531283,1184.480000000000018,2018-08-04T20:46:40Z
565,1,14.571908907964826,-91.134514566510916,1184.480000000000018,2018-08-04T20:47:14Z
566,1,14.571914607658982,-91.134505262598395,1185.440000000000055,2018-08-04T20:47:26Z
567,1,14.571902202442288,-91.134495539590716,1184.960000000000036,2018-08-04T20:47:35Z
568,1,14.571901028975844,-91.134486068040133,1184.480000000000018,2018-08-04T20:47:57Z
569,1,14.571897424757481,-91.13449327647686,1184.960000000000036,2018-08-04T20:48:18Z
570,1,14.571900190785527,-91.134486151859164,1184.960000000000036,2018-08-04T20:48:27Z
571,1,14.571908572688699,-91.134504340589046,1184.960000000000036,2018-08-04T20:48:40Z
572,1,14.571957690641284,-91.134465783834457,1185.440000000000055,2018-08-04T20:48:56Z
573,1,14.57197654992342,-91.13443954847753,1185.440000000000055,2018-08-04T20:48:59Z
574,1,14.572041258215904,-91.134335277602077,1185.440000000000055,2018-08-04T20:49:11Z
575,1,14.572064643725753,-91.134285153821111,1184.960000000000036,2018-08-04T20:49:17Z
576,1,14.572109403088689,-91.134211895987391,1185.440000000000055,2018-08-04T20:49:26Z
577,1,14.57214804366231,-91.134057082235813,1186.400000000000091,2018-08-04T20:49:40Z
578,1,14.572127088904381,-91.133947446942329,1184,2018-08-04T20:49:54Z
579,1,14.572087526321411,-91.133872848004103,1183.039999999999964,2018-08-04T20:50:06Z
580,1,14.572052489966154,-91.133823897689581,1183.039999999999964,2018-08-04T20:50:18Z
581,1,14.572035055607557,-91.133822640404105,1183.519999999999982,2018-08-04T20:50:36Z
582,1,14.572041090577841,-91.133742090314627,1183.519999999999982,2018-08-04T20:50:51Z
583,1,14.572040671482682,-91.133695570752025,1183.519999999999982,2018-08-04T20:50:59Z
584,1,14.57201762124896,-91.13365039229393,1184.480000000000018,2018-08-04T20:51:11Z
585,1,14.572022650390863,-91.133626755326986,1183.039999999999964,2018-08-04T20:51:27Z
586,1,14.572002785280347,-91.133582163602114,1182.559999999999945,2018-08-04T20:51:31Z
587,1,14.571990547701716,-91.13347789272666,1184,2018-08-04T20:51:39Z
588,1,14.572014017030597,-91.133384350687265,1186.400000000000091,2018-08-04T20:51:48Z
589,1,14.572050478309393,-91.133320732042193,1188.329999999999927,2018-08-04T20:52:00Z
590,1,14.572061877697706,-91.133315116167068,1188.809999999999945,2018-08-04T20:52:05Z
591,1,14.572044862434268,-91.133296256884933,1189.289999999999964,2018-08-04T20:52:19Z
592,1,14.572048466652632,-91.133303632959723,1189.289999999999964,2018-08-04T20:52:34Z
593,1,14.572052154690027,-91.133314613252878,1189.289999999999964,2018-08-04T20:52:38Z
594,1,14.572113342583179,-91.133321486413479,1187.369999999999891,2018-08-04T20:52:43Z
595,1,14.572138739749789,-91.133313439786434,1186.400000000000091,2018-08-04T20:52:45Z
596,1,14.57223454490304,-91.133290724828839,1185.920000000000073,2018-08-04T20:52:52Z
597,1,14.572337893769145,-91.133176730945706,1189.289999999999964,2018-08-04T20:53:07Z
598,1,14.572363290935755,-91.133098276332021,1192.170000000000073,2018-08-04T20:53:21Z
599,1,14.572328003123403,-91.132990568876266,1194.089999999999918,2018-08-04T20:53:36Z
600,1,14.572312999516726,-91.132951593026519,1196.019999999999982,2018-08-04T20:53:42Z
601,1,14.572268491610885,-91.132857212796807,1197.460000000000036,2018-08-04T20:53:55Z
602,1,14.572286931797862,-91.132844304665923,1198.900000000000091,2018-08-04T20:54:07Z
603,1,14.572290368378162,-91.132793426513672,1199.380000000000109,2018-08-04T20:54:17Z
604,1,14.572281902655959,-91.132776578888297,1200.339999999999918,2018-08-04T20:54:25Z
605,1,14.572289614006877,-91.132794264703989,1200.339999999999918,2018-08-04T20:54:27Z
606,1,14.572356501594186,-91.132905576378107,1203.710000000000036,2018-08-04T20:54:41Z
607,1,14.572415258735418,-91.132980175316334,1204.670000000000073,2018-08-04T20:54:49Z
608,1,14.572434788569808,-91.132985539734364,1204.670000000000073,2018-08-04T20:54:51Z
609,1,14.572465382516384,-91.133002806454897,1205.150000000000091,2018-08-04T20:54:54Z
610,1,14.572485666722059,-91.133034406229854,1205.150000000000091,2018-08-04T20:54:57Z
611,1,14.572545848786831,-91.133133983239532,1208.509999999999991,2018-08-04T20:55:10Z
612,1,14.572578622028232,-91.13316566683352,1209.960000000000036,2018-08-04T20:55:23Z
613,1,14.572620950639248,-91.133175389841199,1210.440000000000055,2018-08-04T20:55:38Z
614,1,14.572641653940082,-91.133205648511648,1211.400000000000091,2018-08-04T20:55:57Z
615,1,14.572626650333405,-91.133297933265567,1212.839999999999918,2018-08-04T20:56:08Z
616,1,14.572651041671634,-91.133370520547032,1214.279999999999973,2018-08-04T20:56:17Z
617,1,14.572668643668294,-91.133404048159719,1215.240000000000009,2018-08-04T20:56:21Z
618,1,14.572711559012532,-91.133426427841187,1215.720000000000027,2018-08-04T20:56:25Z
619,1,14.572762520983815,-91.133430954068899,1216.210000000000036,2018-08-04T20:56:30Z
620,1,14.572780458256602,-91.133444365113974,1216.210000000000036,2018-08-04T20:56:33Z
621,1,14.572768304497004,-91.133468421176076,1216.210000000000036,2018-08-04T20:56:36Z
622,1,14.572836197912693,-91.133508235216141,1216.690000000000055,2018-08-04T20:56:49Z
623,1,14.572856817394495,-91.13353606313467,1218.130000000000109,2018-08-04T20:56:55Z
624,1,14.57281943410635,-91.133616026490927,1218.6099999999999,2018-08-04T20:57:08Z
625,1,14.572834521532059,-91.133630443364382,1218.6099999999999,2018-08-04T20:57:20Z
626,1,14.572832174599171,-91.1336450278759,1219.089999999999918,2018-08-04T20:57:32Z
627,1,14.572817841544747,-91.13366455771029,1219.089999999999918,2018-08-04T20:57:43Z
628,1,14.572830079123378,-91.133649051189423,1219.089999999999918,2018-08-04T20:57:57Z
629,1,14.572812058031559,-91.133640417829156,1219.089999999999918,2018-08-04T20:58:13Z
630,1,14.572821026667953,-91.133622983470559,1218.6099999999999,2018-08-04T20:58:28Z
631,1,14.572827899828553,-91.133615942671895,1219.089999999999918,2018-08-04T20:58:39Z
632,1,14.572820607572794,-91.13361326046288,1219.089999999999918,2018-08-04T20:58:59Z
633,1,14.572835778817534,-91.133625078946352,1218.6099999999999,2018-08-04T20:59:22Z
634,1,14.572825636714697,-91.133619211614132,1218.130000000000109,2018-08-04T20:59:54Z
635,1,14.572833767160773,-91.133630946278572,1219.089999999999918,2018-08-04T21:00:13Z
636,1,14.572831084951758,-91.133616277948022,1219.089999999999918,2018-08-04T21:00:39Z
637,1,14.5728306658566,-91.133625162765384,1218.6099999999999,2018-08-04T21:01:00Z
638,1,14.572838461026549,-91.133626503869891,1219.089999999999918,2018-08-04T21:01:24Z
639,1,14.572837287560105,-91.133622899651527,1219.089999999999918,2018-08-04T21:01:40Z
640,1,14.572827145457268,-91.133598843589425,1218.6099999999999,2018-08-04T21:01:58Z
641,1,14.572837874293327,-91.133621642366052,1219.089999999999918,2018-08-04T21:02:11Z
642,1,14.572821697220206,-91.13363622687757,1219.569999999999936,2018-08-04T21:02:24Z
643,1,14.572832258418202,-91.133618289604783,1219.089999999999918,2018-08-04T21:02:32Z
644,1,14.572831336408854,-91.133597167208791,1219.089999999999918,2018-08-04T21:02:34Z
645,1,14.572898223996162,-91.133535727858543,1218.130000000000109,2018-08-04T21:02:42Z
646,1,14.572892691940069,-91.133443443104625,1216.690000000000055,2018-08-04T21:02:50Z
647,1,14.572897721081972,-91.133338920772076,1214.759999999999991,2018-08-04T21:02:59Z
648,1,14.572948096320033,-91.133259795606136,1213.319999999999936,2018-08-04T21:03:09Z
649,1,14.572955891489983,-91.133191986009479,1211.400000000000091,2018-08-04T21:03:17Z
650,1,14.572980953380466,-91.13313096575439,1210.440000000000055,2018-08-04T21:03:22Z
651,1,14.573027472943068,-91.132977660745382,1207.549999999999955,2018-08-04T21:03:38Z
652,1,14.573041889816523,-91.132967937737703,1207.549999999999955,2018-08-04T21:03:40Z
653,1,14.573079440742731,-91.132861906662583,1208.029999999999973,2018-08-04T21:03:54Z
654,1,14.573065526783466,-91.132795941084623,1208.029999999999973,2018-08-04T21:04:04Z
655,1,14.573066784068942,-91.13277574069798,1208.029999999999973,2018-08-04T21:04:06Z
656,1,14.573074746876955,-91.132686557248235,1208.029999999999973,2018-08-04T21:04:21Z
657,1,14.573103245347738,-91.13266484811902,1208.029999999999973,2018-08-04T21:04:33Z
658,1,14.573139119893312,-91.132641546428204,1207.549999999999955,2018-08-04T21:04:50Z
659,1,14.573114644736052,-91.132638361304998,1207.069999999999936,2018-08-04T21:05:11Z
660,1,14.57311699166894,-91.132649760693312,1207.069999999999936,2018-08-04T21:05:33Z
661,1,14.573105676099658,-91.132658142596483,1207.549999999999955,2018-08-04T21:05:42Z
662,1,14.573062928393483,-91.13270633853972,1208.509999999999991,2018-08-04T21:05:54Z
663,1,14.573062509298325,-91.132699130102992,1208.029999999999973,2018-08-04T21:06:11Z
664,1,14.573061671108007,-91.132697118446231,1208.029999999999973,2018-08-04T21:06:25Z
665,1,14.573072902858257,-91.132692508399487,1208.509999999999991,2018-08-04T21:06:45Z
666,1,14.573071813210845,-91.132692340761423,1208.509999999999991,2018-08-04T21:07:06Z
667,1,14.573062341660261,-91.1327039077878,1209,2018-08-04T21:07:26Z
668,1,14.573064688593149,-91.132695190608501,1208.509999999999991,2018-08-04T21:07:40Z
669,1,14.573083883151412,-91.132664931938052,1208.509999999999991,2018-08-04T21:07:56Z
670,1,14.573078099638224,-91.132662920281291,1208.509999999999991,2018-08-04T21:08:15Z
671,1,14.573067286983132,-91.132673313841224,1209,2018-08-04T21:08:26Z
672,1,14.573062257841229,-91.132720839232206,1209,2018-08-04T21:08:41Z
673,1,14.573084302246571,-91.13271220587194,1209,2018-08-04T21:08:59Z
674,1,14.573073070496321,-91.132715810090303,1209,2018-08-04T21:09:18Z
675,1,14.573071813210845,-91.13269611261785,1209,2018-08-04T21:09:38Z
676,1,14.573066951707006,-91.132711870595813,1209.480000000000018,2018-08-04T21:09:55Z
677,1,14.573078518733382,-91.132707679644227,1208.509999999999991,2018-08-04T21:10:19Z
678,1,14.573072316125035,-91.132728802040219,1207.549999999999955,2018-08-04T21:10:55Z
679,1,14.57306963391602,-91.132724778726697,1208.029999999999973,2018-08-04T21:11:32Z
680,1,14.573074076324701,-91.132687563076615,1208.029999999999973,2018-08-04T21:11:58Z
681,1,14.573085894808173,-91.132662165910006,1208.029999999999973,2018-08-04T21:12:17Z
682,1,14.573060581460595,-91.132685635238886,1208.029999999999973,2018-08-04T21:12:27Z
683,1,14.573073154315352,-91.132717402651906,1208.029999999999973,2018-08-04T21:12:42Z
684,1,14.573068041354418,-91.132707428187132,1208.509999999999991,2018-08-04T21:13:00Z
685,1,14.573077848181129,-91.132711200043559,1208.029999999999973,2018-08-04T21:13:20Z
686,1,14.573081620037556,-91.132710361853242,1208.509999999999991,2018-08-04T21:13:39Z
687,1,14.573076423257589,-91.132688568904996,1208.509999999999991,2018-08-04T21:14:00Z
688,1,14.573077345266938,-91.132688485085964,1208.509999999999991,2018-08-04T21:14:19Z
689,1,14.573076255619526,-91.132686976343393,1207.549999999999955,2018-08-04T21:14:32Z
690,1,14.573074579238892,-91.132691754028201,1208.029999999999973,2018-08-04T21:14:56Z
691,1,14.573065023869276,-91.132665686309338,1208.029999999999973,2018-08-04T21:15:12Z
692,1,14.573028897866607,-91.132597038522363,1207.069999999999936,2018-08-04T21:15:25Z
693,1,14.572997381910682,-91.132516656070948,1205.150000000000091,2018-08-04T21:15:46Z
694,1,14.57305739633739,-91.132505256682634,1202.269999999999982,2018-08-04T21:16:00Z
695,1,14.573134174570441,-91.132507184520364,1199.8599999999999,2018-08-04T21:16:16Z
696,1,14.573165103793144,-91.132480278611183,1196.980000000000018,2018-08-04T21:16:26Z
697,1,14.57319226115942,-91.132469549775124,1195.059999999999945,2018-08-04T21:16:49Z
698,1,14.573212545365095,-91.132430406287313,1197.940000000000055,2018-08-04T21:17:07Z
699,1,14.573217490687966,-91.132422108203173,1200.819999999999936,2018-08-04T21:17:20Z
700,1,14.573239032179117,-91.132412888109684,1203.710000000000036,2018-08-04T21:17:36Z
701,1,14.573235930874944,-91.13236821256578,1205.150000000000091,2018-08-04T21:17:43Z
702,1,14.573280271142721,-91.132341055199504,1208.029999999999973,2018-08-04T21:17:54Z
703,1,14.573303740471601,-91.132364105433226,1208.029999999999973,2018-08-04T21:18:05Z
704,1,14.573289826512337,-91.132370056584477,1207.549999999999955,2018-08-04T21:18:24Z
705,1,14.573300052434206,-91.132383635267615,1207.549999999999955,2018-08-04T21:18:55Z
706,1,14.573299633339047,-91.132377684116364,1208.029999999999973,2018-08-04T21:19:21Z
707,1,14.573305165395141,-91.132352622225881,1208.509999999999991,2018-08-04T21:19:40Z
708,1,14.573301561176777,-91.132361842319369,1208.029999999999973,2018-08-04T21:19:56Z
709,1,14.573309691622853,-91.132342396304011,1208.509999999999991,2018-08-04T21:20:12Z
710,1,14.573327964171767,-91.132342144846916,1209,2018-08-04T21:20:25Z
711,1,14.573308434337378,-91.132352873682976,1208.509999999999991,2018-08-04T21:20:42Z
712,1,14.57330122590065,-91.132366117089987,1208.509999999999991,2018-08-04T21:21:02Z
713,1,14.573314636945724,-91.132384892553091,1208.509999999999991,2018-08-04T21:21:17Z
714,1,14.57330365665257,-91.132354885339737,1208.509999999999991,2018-08-04T21:21:32Z
715,1,14.57333005964756,-91.13229688256979,1209,2018-08-04T21:21:52Z
716,1,14.573388146236539,-91.132198562845588,1209.960000000000036,2018-08-04T21:22:07Z
717,1,14.573415219783783,-91.132176937535405,1209.960000000000036,2018-08-04T21:22:11Z
718,1,14.573448160663247,-91.132140224799514,1210.440000000000055,2018-08-04T21:22:17Z
719,1,14.573510270565748,-91.132066631689668,1210.440000000000055,2018-08-04T21:22:29Z
720,1,14.573549414053559,-91.132033858448267,1210.440000000000055,2018-08-04T21:22:34Z
721,1,14.573614960536361,-91.131986919790506,1211.880000000000109,2018-08-04T21:22:41Z
722,1,14.573666090145707,-91.131933862343431,1210.920000000000073,2018-08-04T21:22:48Z
723,1,14.573706490918994,-91.131821125745773,1210.920000000000073,2018-08-04T21:23:03Z
724,1,14.573730211704969,-91.131768655031919,1210.440000000000055,2018-08-04T21:23:08Z
725,1,14.573738928884268,-91.131717106327415,1210.440000000000055,2018-08-04T21:23:13Z
726,1,14.573788214474916,-91.131612248718739,1210.920000000000073,2018-08-04T21:23:23Z
727,1,14.573788801208138,-91.131594143807888,1211.400000000000091,2018-08-04T21:23:25Z
728,1,14.573802966624498,-91.131538739427924,1210.920000000000073,2018-08-04T21:23:31Z
729,1,14.573833560571074,-91.131490794941783,1211.880000000000109,2018-08-04T21:23:37Z
730,1,14.573832135647535,-91.1314657330513,1211.880000000000109,2018-08-04T21:23:39Z
731,1,14.573843870311975,-91.131398761644959,1211.880000000000109,2018-08-04T21:23:45Z
732,1,14.57385434769094,-91.131275128573179,1211.400000000000091,2018-08-04T21:23:57Z
733,1,14.573881672695279,-91.131257191300392,1210.920000000000073,2018-08-04T21:24:00Z
734,1,14.57390321418643,-91.131251826882362,1210.920000000000073,2018-08-04T21:24:02Z
735,1,14.573942273855209,-91.131212515756488,1210.440000000000055,2018-08-04T21:24:08Z
736,1,14.573991559445858,-91.13113054074347,1209.960000000000036,2018-08-04T21:24:18Z
737,1,14.574030954390764,-91.131111932918429,1209.960000000000036,2018-08-04T21:24:22Z
738,1,14.574112510308623,-91.131090894341469,1210.440000000000055,2018-08-04T21:24:31Z
739,1,14.574175123125315,-91.131044626235962,1211.880000000000109,2018-08-04T21:24:39Z
740,1,14.574219714850187,-91.1310064047575,1213.319999999999936,2018-08-04T21:24:45Z
741,1,14.5743278414011,-91.130956951528788,1213.319999999999936,2018-08-04T21:24:56Z
742,1,14.574393387883902,-91.130932727828622,1214.279999999999973,2018-08-04T21:25:03Z
743,1,14.574407637119293,-91.130951754748821,1214.279999999999973,2018-08-04T21:25:05Z
744,1,14.574460610747337,-91.130948485806584,1214.759999999999991,2018-08-04T21:25:10Z
745,1,14.574477542191744,-91.130956364795566,1214.759999999999991,2018-08-04T21:25:13Z
746,1,14.574508219957352,-91.130951000377536,1216.210000000000036,2018-08-04T21:25:16Z
747,1,14.574543759226799,-91.130918813869357,1218.130000000000109,2018-08-04T21:25:23Z
748,1,14.574564546346664,-91.130906911566854,1218.130000000000109,2018-08-04T21:25:25Z
749,1,14.574655489996076,-91.130852177739143,1218.130000000000109,2018-08-04T21:25:35Z
750,1,14.574657836928964,-91.130846478044987,1218.6099999999999,2018-08-04T21:25:50Z
751,1,14.574654065072536,-91.13084128126502,1218.130000000000109,2018-08-04T21:26:03Z
752,1,14.574655657634139,-91.130846394225955,1218.6099999999999,2018-08-04T21:26:37Z
753,1,14.574658591300249,-91.13085251301527,1218.130000000000109,2018-08-04T21:26:53Z
754,1,14.57464786246419,-91.130854021757841,1218.130000000000109,2018-08-04T21:27:11Z
755,1,14.574666135013103,-91.130840107798576,1218.130000000000109,2018-08-04T21:27:32Z
756,1,14.574673091992736,-91.130835330113769,1218.130000000000109,2018-08-04T21:27:33Z
757,1,14.574690777808428,-91.130823008716106,1217.170000000000073,2018-08-04T21:27:35Z
758,1,14.574771579355001,-91.130781602114439,1217.650000000000091,2018-08-04T21:27:45Z
759,1,14.574783481657505,-91.130765341222286,1217.650000000000091,2018-08-04T21:27:47Z
760,1,14.57492345944047,-91.130706332623959,1216.210000000000036,2018-08-04T21:28:01Z
761,1,14.574966207146645,-91.130703650414944,1216.210000000000036,2018-08-04T21:28:06Z
762,1,14.575070394203067,-91.130624022334814,1216.690000000000055,2018-08-04T21:28:18Z
763,1,14.575214311480522,-91.130535928532481,1216.690000000000055,2018-08-04T21:28:33Z
764,1,14.575305422767997,-91.130479350686073,1217.170000000000073,2018-08-04T21:28:44Z
765,1,14.575414722785354,-91.130429729819298,1218.6099999999999,2018-08-04T21:28:58Z
766,1,14.575454872101545,-91.130393017083406,1219.569999999999936,2018-08-04T21:29:04Z
767,1,14.575521675869823,-91.130360160022974,1220.529999999999973,2018-08-04T21:29:18Z
768,1,14.575527207925916,-91.13037658855319,1220.529999999999973,2018-08-04T21:29:30Z
769,1,14.575522597879171,-91.130363261327147,1220.529999999999973,2018-08-04T21:29:48Z
770,1,14.575519999489188,-91.130361668765545,1220.049999999999955,2018-08-04T21:30:02Z
771,1,14.575546653941274,-91.130359573289752,1220.529999999999973,2018-08-04T21:30:16Z
772,1,14.575532656162977,-91.130350017920136,1220.529999999999973,2018-08-04T21:30:34Z
773,1,14.575539529323578,-91.130355969071388,1221.009999999999991,2018-08-04T21:30:48Z
774,1,14.575545312836766,-91.130361249670386,1220.529999999999973,2018-08-04T21:31:05Z
775,1,14.575548749417067,-91.130366446450353,1220.049999999999955,2018-08-04T21:31:19Z
776,1,14.57553818821907,-91.13037901930511,1220.529999999999973,2018-08-04T21:31:41Z
777,1,14.575523687526584,-91.130373235791922,1220.049999999999955,2018-08-04T21:31:55Z
778,1,14.575518406927586,-91.130370637401938,1219.569999999999936,2018-08-04T21:32:10Z
779,1,14.575522597879171,-91.130375247448683,1220.049999999999955,2018-08-04T21:32:32Z
780,1,14.575518574565649,-91.130374576896429,1220.049999999999955,2018-08-04T21:32:48Z
781,1,14.575515976175666,-91.130381198599935,1219.569999999999936,2018-08-04T21:33:12Z
782,1,14.575522178784013,-91.130372565239668,1219.089999999999918,2018-08-04T21:33:38Z
783,1,14.575545899569988,-91.130362674593925,1219.569999999999936,2018-08-04T21:33:52Z
784,1,14.575547408312559,-91.13036435097456,1221.009999999999991,2018-08-04T21:34:17Z
785,1,14.575578756630421,-91.130360830575228,1220.049999999999955,2018-08-04T21:34:21Z
786,1,14.575682524591684,-91.130317579954863,1219.569999999999936,2018-08-04T21:34:33Z
787,1,14.57573750987649,-91.130298050120473,1219.569999999999936,2018-08-04T21:34:42Z
788,1,14.575786292552948,-91.130304420366883,1221.009999999999991,2018-08-04T21:34:47Z
789,1,14.575865166261792,-91.130267875269055,1220.529999999999973,2018-08-04T21:34:56Z
790,1,14.575941190123558,-91.130244825035334,1221.009999999999991,2018-08-04T21:35:09Z
791,1,14.57602827809751,-91.130200149491429,1220.529999999999973,2018-08-04T21:35:23Z
792,1,14.576151659712195,-91.130162850022316,1220.049999999999955,2018-08-04T21:35:35Z
793,1,14.576160628348589,-91.130148265510798,1220.049999999999955,2018-08-04T21:35:45Z
794,1,14.576202956959605,-91.130123622715473,1220.529999999999973,2018-08-04T21:35:52Z
795,1,14.576274454593658,-91.130092106759548,1220.529999999999973,2018-08-04T21:36:07Z
796,1,14.576317705214024,-91.13006729632616,1221.009999999999991,2018-08-04T21:36:19Z
797,1,14.576376713812351,-91.130036786198616,1221.970000000000027,2018-08-04T21:36:36Z
798,1,14.576432872563601,-91.130024129524827,1221.490000000000009,2018-08-04T21:36:52Z
799,1,14.576469585299492,-91.130019603297114,1221.970000000000027,2018-08-04T21:36:59Z
800,1,14.576547285541892,-91.129998061805964,1222.450000000000045,2018-08-04T21:37:12Z
801,1,14.576616017147899,-91.129935281351209,1224.8599999999999,2018-08-04T21:37:22Z
802,1,14.57672355696559,-91.129892030730844,1225.819999999999936,2018-08-04T21:37:36Z
803,1,14.576807962730527,-91.129812737926841,1224.380000000000109,2018-08-04T21:37:50Z
804,1,14.576880633831024,-91.129766134545207,1224.380000000000109,2018-08-04T21:38:02Z
805,1,14.576948191970587,-91.129752304404974,1225.339999999999918,2018-08-04T21:38:10Z
806,1,14.577065873891115,-91.129716094583273,1226.299999999999955,2018-08-04T21:38:25Z
807,1,14.577170899137855,-91.129662785679102,1226.299999999999955,2018-08-04T21:38:40Z
